分类,素材ID,中文名称,宽,高,透明,PNG路径,WEBP路径
brand,clocktower-title,钟楼标题主视觉（有字）,447,248,False,public/art/brand/clocktower-title.png,public/art/brand/clocktower-title.webp
brand,clocktower-wordmark,钟楼横向标题（有字）,297,97,False,public/art/brand/clocktower-wordmark.png,public/art/brand/clocktower-wordmark.webp
brand,clocktower-emblem,原创钟楼圆形标识,119,119,True,public/art/brand/clocktower-emblem.png,public/art/brand/clocktower-emblem.webp
backgrounds,town-night-red,暗夜钟楼街景,350,172,False,public/art/backgrounds/town-night-red.png,public/art/backgrounds/town-night-red.webp
backgrounds,town-day,白昼城镇广场,234,132,False,public/art/backgrounds/town-day.png,public/art/backgrounds/town-day.webp
backgrounds,town-night-blue,月夜城镇,228,132,False,public/art/backgrounds/town-night-blue.png,public/art/backgrounds/town-night-blue.webp
backgrounds,clocktower-close,钟楼特写,233,135,False,public/art/backgrounds/clocktower-close.png,public/art/backgrounds/clocktower-close.webp
backgrounds,tavern-interior,烛光酒馆,228,135,False,public/art/backgrounds/tavern-interior.png,public/art/backgrounds/tavern-interior.webp
backgrounds,town-fountain,城镇喷泉,201,135,False,public/art/backgrounds/town-fountain.png,public/art/backgrounds/town-fountain.webp
cards,identity-back,统一身份卡背（无字）,126,178,False,public/art/cards/identity-back.png,public/art/cards/identity-back.webp
decoration,scroll-banner,空白卷轴条,181,70,True,public/art/decoration/scroll-banner.png,public/art/decoration/scroll-banner.webp
decoration,parchment-square,空白羊皮纸,124,126,True,public/art/decoration/parchment-square.png,public/art/decoration/parchment-square.webp
decoration,parchment-panel,空白羊皮纸面板,238,122,True,public/art/decoration/parchment-panel.png,public/art/decoration/parchment-panel.webp
decoration,dark-panel,空白深色描金面板,206,134,True,public/art/decoration/dark-panel.png,public/art/decoration/dark-panel.webp
decoration,speech-parchment,空白羊皮纸消息框,154,110,True,public/art/decoration/speech-parchment.png,public/art/decoration/speech-parchment.webp
decoration,speech-blue,空白蓝色消息框,156,109,True,public/art/decoration/speech-blue.png,public/art/decoration/speech-blue.webp
decoration,wax-seal,红色蜡封,120,118,True,public/art/decoration/wax-seal.png,public/art/decoration/wax-seal.webp
decoration,ornamental-divider,金属装饰分隔线,171,43,True,public/art/decoration/ornamental-divider.png,public/art/decoration/ornamental-divider.webp
roles,washerwoman,洗衣妇,87,87,True,public/art/roles/washerwoman.png,public/art/roles/washerwoman.webp
roles,librarian,图书管理员,87,87,True,public/art/roles/librarian.png,public/art/roles/librarian.webp
roles,investigator,调查员,87,87,True,public/art/roles/investigator.png,public/art/roles/investigator.webp
roles,chef,厨师,87,87,True,public/art/roles/chef.png,public/art/roles/chef.webp
roles,empath,共情者,87,87,True,public/art/roles/empath.png,public/art/roles/empath.webp
roles,fortuneteller,占卜师,87,87,True,public/art/roles/fortuneteller.png,public/art/roles/fortuneteller.webp
roles,monk,僧侣,87,87,True,public/art/roles/monk.png,public/art/roles/monk.webp
roles,slayer,猎手,87,87,True,public/art/roles/slayer.png,public/art/roles/slayer.webp
roles,mayor,市长,87,87,True,public/art/roles/mayor.png,public/art/roles/mayor.webp
roles,drunk,酒鬼,87,87,True,public/art/roles/drunk.png,public/art/roles/drunk.webp
roles,spy,间谍,87,87,True,public/art/roles/spy.png,public/art/roles/spy.webp
roles,imp,小恶魔,87,87,True,public/art/roles/imp.png,public/art/roles/imp.webp
roles,undertaker,送葬者,67,67,True,public/art/roles/undertaker.png,public/art/roles/undertaker.webp
roles,virgin,贞洁者,93,93,True,public/art/roles/virgin.png,public/art/roles/virgin.webp
roles,soldier,士兵,65,65,True,public/art/roles/soldier.png,public/art/roles/soldier.webp
roles,butler,管家,93,93,True,public/art/roles/butler.png,public/art/roles/butler.webp
roles,saint,圣徒,93,93,True,public/art/roles/saint.png,public/art/roles/saint.webp
roles,poisoner,投毒者,93,93,True,public/art/roles/poisoner.png,public/art/roles/poisoner.webp
roles,baron,男爵,67,67,True,public/art/roles/baron.png,public/art/roles/baron.webp
roles,ravenkeeper,守鸦人,169,163,True,public/art/roles/ravenkeeper.png,public/art/roles/ravenkeeper.webp
roles,recluse,隐士,73,189,True,public/art/roles/recluse.png,public/art/roles/recluse.webp
roles,scarletwoman,红唇女郎,69,71,True,public/art/roles/scarletwoman.png,public/art/roles/scarletwoman.webp
teams,townsfolk,镇民通用令牌,87,87,True,public/art/teams/townsfolk.png,public/art/teams/townsfolk.webp
teams,outsider,外来者通用令牌,87,87,True,public/art/teams/outsider.png,public/art/teams/outsider.webp
teams,minion,爪牙通用令牌,87,87,True,public/art/teams/minion.png,public/art/teams/minion.webp
teams,traveller,旅行者罗盘,126,134,True,public/art/teams/traveller.png,public/art/teams/traveller.webp
teams,fabled,传奇角色通用星徽,71,71,True,public/art/teams/fabled.png,public/art/teams/fabled.webp
factions,good,善良阵营徽章,133,133,True,public/art/factions/good.png,public/art/factions/good.webp
factions,evil,邪恶阵营徽章,137,137,True,public/art/factions/evil.png,public/art/factions/evil.webp
decoration,mystery-sigil,神秘纹章（纯装饰）,138,136,True,public/art/decoration/mystery-sigil.png,public/art/decoration/mystery-sigil.webp
status,alive,存活,75,75,True,public/art/status/alive.png,public/art/status/alive.webp
status,dead,死亡,75,75,True,public/art/status/dead.png,public/art/status/dead.webp
status,poisoned,中毒,75,75,True,public/art/status/poisoned.png,public/art/status/poisoned.webp
status,nomination,提名,75,75,True,public/art/status/nomination.png,public/art/status/nomination.webp
status,execution,处决,75,75,True,public/art/status/execution.png,public/art/status/execution.webp
status,protected,受保护,75,75,True,public/art/status/protected.png,public/art/status/protected.webp
status,unavailable,不可用,69,69,True,public/art/status/unavailable.png,public/art/status/unavailable.webp
status,night-action,夜间行动,69,69,True,public/art/status/night-action.png,public/art/status/night-action.webp
status,confused,状态异常／自定义标记,71,71,True,public/art/status/confused.png,public/art/status/confused.webp
status,ready,已准备,65,65,True,public/art/status/ready.png,public/art/status/ready.webp
status,waiting,等待中,67,67,True,public/art/status/waiting.png,public/art/status/waiting.webp
status,message,消息,67,67,True,public/art/status/message.png,public/art/status/message.webp
status,private,私密可见,67,67,True,public/art/status/private.png,public/art/status/private.webp
status,ghost-vote-available,死者票可用,79,79,True,public/art/status/ghost-vote-available.png,public/art/status/ghost-vote-available.webp
status,ghost-vote-used,死者票已用,79,79,True,public/art/status/ghost-vote-used.png,public/art/status/ghost-vote-used.webp
